{
  "count": 23054.0,
  "mean": 6463.280572134988,
  "std": 17851.826560530037,
  "min": 10.75,
  "25%": 1329.48,
  "50%": 2424.5150000000003,
  "75%": 5502.41,
  "max": 499690.94
}